Year,"Homicide                  (includes murder, manslaughter             and infanticide)",Attempted murder,Threat or conspiracy                 to murder,Child                         destruction,Causing death by dangerous driving                   or by careless                       driving when                under the influence                of drink or drugs,Causing or allowing death                 of a child or vulnerable person,Causing death                     by aggravated                    vehicle taking,More serious                  wounding or               other acts            endangering life,Endangering railway passengers,Endangering                life at sea ,Other                      wounding                   etc.,Less serious wounding,Less serious wounding (including any minor injury),Possession                    of weapons,Harassment,Racially or religiously aggravated            less serious wounding,Racially or religiously aggravated            harassment,Assault ,Intimidation            and                  molestation,Cruelty to              and neglect                 of children ,Abandoning           a child               under the           age of            two years,Child                                    abduction,Procuring                   illegal                 abortion,Assault on           a constable,Common                  assault                (includes            some           minor injury),Common             assault                (no injury),Racially or religiously aggravated            common                    assault,Total                   violence                      against               the                 person,Buggery ,Indecent         assault                  on a male,Sexual                  assault on a                      male aged                 13 or over,Sexual                  assault on a                      male child                 under 13,Gross                     indecency between                     males,Rape of                 a female,Rape of                 a female          aged 16              and over,Rape of                 a female          child            under 16,Rape of                 a female          child            under 13,Rape of                 a male,Rape of                 a male          aged 16              and over,Rape of                 a male          child            under 16,Rape of                 a male          child            under 13,Rape,Indecent         assault                  on a female,Sexual                  assault on a                      female aged                 13 or over,Sexual                  assault on a                      female child                 under 13,Unlawful                            sexual                 intercourse      with a girl     under 13,Sexual                     activity       involving                      a child                  under 13,Unlawful                            sexual                 intercourse      with a girl     under 16,Sexual                      activity       involving                      a child                  under 16,Householder     permitting      defilement                      of girls,Causing         sexual       activity      without      consent,Incest,Procuration ,Abduction,Soliciting or         importuning        by a man,Sexual                 activity           etc. with a person with                  a mental                  disorder,Abuse of       children    through       prostitution        or                          pornography,Trafficking for                  sexual                 exploitation,Abuse of     position                of trust,Gross        indeceny         with a                child,Sexual        grooming,Other       miscellaneous      sexual       offences,Total                 sexual           offences,Robbery                    of                       business     property,Robbery                    of                       personal     property,Total      robbery,Total          violent       crime,Sacrilege,Burglary,Burglary in              a dwelling,Aggravated                 burglary in           a dwelling,Burglary in                    a building           other than          a dwelling                 ,"Attempts to                              break into                       houses,        shops etc",Aggravated                burglary in                    a building           other than          a dwelling                 ,Entering           with intent                        to commit       felony,Total                      burglary,Embezzlement,Aggravated                  vehicle                           taking,Proceeds          of crime,Theft from            the person,Theft in                   a house,Theft in a          dwelling other      than from      automatic       machine               or meter,Theft                            by an         employee,Theft or unauthorised       taking from          mail,Other aggravated                   larcenies,Abstracting     electricity,Theft of                            pedal cycle,Theft                 from a                vehicle,Theft              from                   shop,Theft from                                   automatic              machine              or meter,Theft or unauthorised taking of              a motor           vehicle,Other              theft and                 unauthorised      taking,Handling                  stolen                         goods,Vehicle          interference     and                     tampering,Total                theft and             handling             stolen            goods,Obtaining         by false         pretences,Frauds by      company        directors,False       accounting,Other                                 frauds,Cheque and                  credit card       fraud,Other             frauds,Offences in                 bankruptcy ,Forgery and uttering                   (felony),Forgery    (misdemeanour),Forgery or              use of                  false drug     prescription ,Coining ,Other                     forgery,Uttering     counterfeit    coin,Vehicle/driver   document      fraud,Total              fraud                    and               forgery,Settting fire         to crops etc.,Killing and    maiming cattle,Malicious           use etc. of       explosives ,Destroying         ships,Arson ,Destroying     railways,Destroying   trees and      shrubs,Criminal      damage     endangering         life,Other      malicious            injuries,Other                   criminal              damage               over ?20,Criminal           damage              to a           dwelling,Other                   criminal              damage               ?20 and                    under,Criminal        damage             to a             building                      other than               a dwelling,Criminal        damage             to a             vehicle,Other        criminal          damage,Racially or religiously aggravated            criminal           damage to             a dwelling,Racially or religiously aggravated            criminal           damage to             other building,Racially or religiously aggravated            criminal           damage to             a vehicle,Racially or religiously aggravated            other                      criminal                   damage,Threat etc.              to commit         criminal                damagee,Total         criminal       damage,Trafficking        in controlled     drugs,Possession             of controlled     drugs,Other             drug          offences,Possession         of controlled             drugs (excl.             Cannabis)      ,Possession         of controlled             drugs (Cannabis)      ,Total                drug                  offences,Going                      equipped               for stealing                   etc.,Concealment                  of birth,Bigamy,Blackmail,Extortion            by other                    threats,Kidnapping,High         treason,Treason        felony,Riot,Violent        disorder,Other               offences                  against the           State or           public order,Perjury,Libel ,Extortion by           officers etc. ,Bribery etc.,Escape and     rescue,Other       offences        against               public             justice,Blasphemy           etc.,Piracy,Slave                           trade,"Betting,        gaming              and              lotteries",Aiding         suicide,Poaching,Indecent         exposure,Immigration                          offences,Keeping           disorderly             houses,Perverting                       the course               of justice,Other                              nuisances,Absconding      from              lawful          custody,Habitual                              drunkenness,Firearms         Acts          offences,Suicide          (attempting       to commit),Customs and              Revenue                  offences,Bail             offences,Trade                                 descriptions           etc.,Health and      Safety         offences,Obscene        publications                   etc.,Protection                   from               eviction,Adulteration          of food,Knives          Acts 1997           offences,Public                      health                  offences,Planning                                     laws,"Disclosure, Obstruction, False or      Misleading         Statements                  etc.",Other                     indictable               or TEW                 offences,Indecent           exposure,Dangerous driving,Total                          other                      offences,Total                    recorded                               crime
1898,328,77,14,,,,,271,86,0,"1,086",,,,,,,48,14,44,61,14,15,,,,,"2,144",72,49,,,102,,,,,,,,,236,798,,,155,,164,,2,,,5,18,,,,,,,,,"1,723",,,354,"4,221",223,"1,450","3,020",,"2,976",398,,285,"8,352","1,807",,419,"5,516","1,173",,"3,470",76,9,,,,,,,"50,452",899,,"63,821","2,182",19,60,187,,,48,332,25,,11,,191,,"3,055",12,20,2, -   ,365,14,5,,164,,,,,,,,,,,,582,,,,,,,24,86,122,10,28,, -   , -   ,1, -   ,2,101,36, -   ,6,1,4,4, -   , -   ,,,22,26,,20,,1,,,,"2,084",,,,,,,,,,,,25,,,"2,395","82,426"
1899,322,71,8,,,,,259,81, -   ,"1,001",,,,,,,48,2,48,48,13,6,,,,,"1,979",52,54,,,92,,,,,,,,,256,767,,,153,,174,,1,,,8,17,,,,,,,,,"1,689",,,279,"3,947",226,"1,234","2,537",,"2,532",282,,206,"7,017","1,852",,372,"4,722","1,004",,"3,382",78,9,,,,,,,"46,500",866,,"58,785","2,365",29,78,136,,,54,332,13,,10,,215,,"3,232",13,14,1, -   ,322,20,2,,176,,,,,,,,,,,,548,,,,,,,24,72,115,2,32,, -   , -   , -   , -   ,3,91,20, -   ,6,1,5,3, -   , -   ,,,20,18,,25,,6,,94,,"2,114",,,,,,,,,,,,32,,,"2,496","76,025"
1900,312,75,8,,,,,269,73, -   ,943,,,,,,,48,8,47,43,4,9,,,,,"1,908",49,63,,,77,,,,,,,,,231,727,,,149,,131,,9,,,2,29,,,,,,,,,"1,582",,,256,"3,746",155,"1,049","2,763",,"2,891",320,,285,"7,463","1,905",,415,"4,609",993,,"3,915",123,10,,,,,,,"47,766","1,039",,"60,775","2,547",40,37,148,,,57,330,23,,9,,124,,"3,315",12,19,3,1,230,9,2,,168,,,,,,,,,,,,444,,,,,,,30,69,115,4,11,, -   , -   ,6,1,2,91,32,1,10, -   ,4,1, -   , -   ,,,14,9,,16,,1,,148,,"1,795",,,,,,,,,,,,15,,,"2,191","77,934"
1901,341,83,13,,,,,290,73, -   ,961,,,,,,,56,16,56,76,21,4,,,,,"2,068",75,59,,,110,,,,,,,,,236,727,,,143,,93,, -   ,,,10,22,,,,,,,,,"1,596",,,234,"3,898",154,"1,277","3,171",,"3,207",321,,322,"8,452","1,947",,450,"4,422",954,,"4,049",124,9,,,,,,,"48,908","1,086",,"61,949","2,852",35,63,132,,,57,383,23,,11,,100,,"3,656",21,28,1, -   ,198,20,3,,152,,,,,,,,,,,,423,,,,,,,36,78,121,6,25,, -   , -   ,4,2,1,68,26, -   ,3,4,11,1, -   , -   ,,,11,7,,33,,3,,206,,"2,116",,,,,,,,,,,,21,,,"2,584","80,962"
1902,330,92,12,,,,,253,70,1,989,,,,,,,53, -   ,83,62,13,13,,,,,"2,059",59,51,,,93,,,,,,,,,216,642,,,141,,159,,1,,,5,19,,,,,,,,,"1,492",,,274,"3,825",174,"1,360","3,284",,"3,346",293,,280,"8,737","1,917",,453,"4,055","1,157",,"3,892",108,20,,,,,,,"50,532","1,099",,"63,233","3,278",63,51,167,,,86,484,31,,16,,85,,"4,261",12,26,4, -   ,237,8,3,,155,,,,,,,,,,,,445,,,,,,,54,88,106,6,22,,1, -   ,7,2,1,84,36, -   ,6,3,6, -   , -   , -   ,,,9,13,,19,, -   ,,273,,"2,198",,,,,,,,,,,,19,,,"2,759","83,260"
1903,312,99,25,,,,,270,68,1,915,,,,,,,36,2,85,34,10,16,,,,,"1,946",60,51,,,126,,,,,,,,,190,692,,,153,,129,,2,,,10,24,,,,,,,,,"1,575",,,241,"3,762",124,"1,413","3,685",,"3,620",364,,384,"9,590","1,906",,501,"3,752",973,,"3,799",117,16,,,,,,,"52,549","1,184",,"64,797","3,503",68,55,162,,,60,327,31,,24,,118,,"4,348",9,38,1,1,263,17,4,,199,,,,,,,,,,,,532,,,,,,,69,73,138,5,15,, -   , -   ,2,2,3,84,48, -   ,19,2,2,3, -   , -   ,,,11,9,,24,,2,,423,,"2,399",,,,,,,,,,,,21,,,"3,143","86,172"
1904,316,83,9,,,,,217,75, -   ,844,,,,,,,35,1,68,48,24,20,,,,,"1,828",56,40,,,112,,,,,,,,,213,686,,,123,,140,,3,,,17,14,,,,,,,,,"1,556",,,251,"3,635",159,"1,472","4,061",,"4,013",413,,400,"10,518","2,037",,425,"3,672",965,,"3,500",89,15,,,,,,,"58,134","1,150",,"69,987","3,942",126,68,199,,,121,345,37,,28,,152,,"5,018",22,28,2,1,330,5,6,,188,,,,,,,,,,,,582,,,,,,,64,88,152,7,17,, -   , -   ,23,1, -   ,95,31, -   ,15, -   ,3,2, -   , -   ,,,19,16,,31,,3,,445,,"2,374",,,,,,,,,,,,21,,,"3,167","92,907"
1905,287,81,19,,,,,235,46, -   ,888,,,,,,,48,96,57,52,6,24,,,,,"1,934",60,46,,,118,,,,,,,,,172,732,,,153,,161,,2,,,4,17,,,,,,,,,"1,578",,,223,"3,735",212,"1,591","3,861",,"4,279",402,,416,"10,761","1,873",,476,"3,528",932,,"3,535",101,11,,,,,,,"59,721","1,301",,"71,478","3,903",107,60,193,,,87,350,21,,27,,182,,"4,930",19,29, -   , -   ,286,10,8,,193,,,,,,,,,,,,545,,,,,,,62,95,113,2,34,, -   , -   ,21,1,4,90,33, -   ,11,2,6,2, -   , -   ,,,16,11,,17,,1,,436,,"2,432",,,,,,,,,,,,24,,,"3,205","94,654"
1906,263,99,11,,,,,236,72, -   ,"1,018",,,,,,,57,1,56,35,7,47,,,,,"2,007",56,63,,,127,,,,,,,,,203,788,,,150,,194,,3,,,10,16,,,,,,,,,"1,751",,,242,"4,000",250,"1,617","3,969",,"3,855",406,,404,"10,501","1,975",,402,"3,359",864,,"3,620",76,44,,,,,,,"56,672","1,322",,"68,334","3,989",160,56,211,,,90,330,31,,29,,138,,"5,034",32,22,2,1,237,13,2,,208,,,,,,,,,,,,517,,,,,,,96,105,141,5,24,, -   , -   ,9,1, -   ,78,40, -   ,31,4,5,1, -   , -   ,,,10,15,,21,,5,,408,,"2,497",,,,,,,,,,,,29,,,"3,279","91,665"
1907,273,112,19,,,,,265,76, -   ,"1,107",,,,,,,61,3,63,47,15,32,,,,,"2,164",56,69,,,148,,,,,,,,,185,826,,,149,,178,, -   ,,,12,16,,,,,,,,,"1,752",,,232,"4,148",206,"1,634","4,609",,"4,141",362,,430,"11,382","1,927",,457,"3,602",842,,"4,023",84,49,,,,,,,"61,792","1,458",,"74,234","3,986",165,90,258,,,66,398,43,,32,,126,,"5,164",16,15,3, -   ,266,9,4,,222,,,,,,,,,,,,535,,,,,,,88,91,113,7,36,, -   , -   ,5, -   , -   ,63,41,4,16,2,2,1, -   , -   ,,,20,12,,32,, -   ,,495,,"2,514",,,,,,,,,,,,21,,,"3,359","98,822"
1908,321,92,22,,,,,255,64, -   ,"1,023",,,,,,,54,1,79,34,14,31,,,,,"2,072",56,65,,,137,,,,,,,,,202,767,,,185,,181,,2,,,8,17,,,,,,,,,"1,749",,,310,"4,131",272,"1,642","4,893",,"5,084",604,,481,"12,976","2,034",,414,"3,505",849,,"4,068",87,32,,,,,,,"65,848","1,641",,"78,478","4,417",182,77,262,,,98,376,30,,20,,227,,"5,689",23,45,1,2,281,7,2,,264,,,,,,,,,,,,625,,,,,,,150,82,129,7,42,, -   , -   ,1,3,2,95,41, -   ,44,4,10,1, -   , -   ,,,15,9,,45,,3,,263,,"2,625",,,,,,,,,,,,20,,,"3,380","105,279"
1909,300,116,28,,,,,304,56, -   ,"1,002",,,,,,,63,1,61,27,10,28,,,,,"2,104",66,61,,,127,,,,,,,,,172,826,,,142,,190,,,,24,15,13,,,,,,,,,"1,789",,,226,"4,119",235,"1,834","5,207",,"5,034",572,,473,"13,355","1,985",,361,"3,055",939,,"3,989",93,23,,,,,,,"65,482","1,684",,"77,611","4,835",218,101,291,,,74,457,44,,25,,232,,"6,277",22,27, -   , -   ,275,8,2,,251,,,,,,,,,,,,585,,,,,,,170,108,153,4,44,, -   , -   ,218,5,2,92,44, -   ,6,1,7,2, -   , -   ,,,23,9,,59,,1,,283,,"2,356",,,,,,,,,,,,14,,,"3,340","105,287"
1910,288,87,19,,,,,258,49, -   ,990,,,,,,,77, -   ,71,23,4,18,,,,,"1,972",66,96,,,139,,,,,,,,,156,976,,,129,,178,,,,54,22,15,,,,,,,,,"1,962",,,211,"4,145",209,"1,885","5,289",,"4,832",594,,476,"13,285","1,997",,358,"3,079",785,,"3,995",122,16,,,,,,,"63,609","1,612",,"75,573","4,731",172,95,217,,,106,488,28,,43,,296,,"6,176",15,22, -   , -   ,257,8,7,,277,,,,,,,,,,,,586,,,,,,,163,88,131,5,28,, -   , -   ,61,1,4,96,52, -   ,37,2,9, -   , -   , -   ,,,16,36,,19,,4,,352,,"2,462",,,,,,,,,,,,20,,,"3,367","103,132"
1911,291,93,14,,,,,312,95, -   ,982,,,,,,,74,27,71,23,11,42,,,,,"2,113",45,69,,,104,,,,,,,,,146,"1,115",,,120,,197,,,,74,21,20,,,,,,,,,"2,072",,,198,"4,383",163,"1,735","4,764",,"4,383",470,,391,"11,906","1,858",,346,"2,590",833,,"4,067",117,26,,,,,,,"59,508","1,540",,"70,885","4,569",226,92,209,,,63,409,30,,43,,206,,"5,847",39,23, -   , -   ,315,14,1,,306,,,,,,,,,,,,698,,,,,,,152,78,161,3,35,, -   , -   ,370,2,6,88,64, -   ,15,3,7,4, -   , -   ,,,16,6,,25,,2,,329,,"2,313",,,,,,,,,,,,12,,,"3,452","97,171"
1912,311,109,24,,,,,283,88, -   ,"1,003",,,,,,,73,16,60,20,7,47,,,,,"2,117",75,111,,,132,,,,,,,,,175,"1,343",,,148,,235,,,,62,23,31,,,,,,,,,"2,496",,,195,"4,808",167,"1,742","4,921",,"4,282",440,,334,"11,886","1,963",,394,"2,581",883,,"4,480",129,28,,,,,,,"63,383","1,675",,"75,516","4,461",160,111,304,,,55,483,41,,25,,221,,"5,861",8,17,1, -   ,202,18,4,,474,,,,,,,,,,,,724,,,,,,,163,76,161, -   ,48,, -   , -   ,12,1,10,98,49, -   ,6,3,5,2, -   , -   ,,,15,13,,46,,2,,314,,"2,388",,,,,,,,,,,,27,,,"3,202","101,997"
1913,332,96,20,,,,,240,85, -   ,932,,,,,,,50,17,61,23,5,50,,,,,"2,004",57,145,,,157,,,,,,,,,177,"1,385",,,143,,271,,,,64,96,40,,,,,,,,,"2,706",,,155,"4,865",210,"1,501","5,195",,"4,260",454,,324,"11,944","2,034",,281,"2,485",836,,"4,647",108,9,,,,,,,"59,542","1,746",,"71,688","4,230",214,77,230,,,84,424,48,,32,,151,,"5,490",15,18,8, -   ,342,9,9,,237,,,,,,,,,,,,638,,,,,,,137,93,171,5,50,, -   , -   ,11, -   ,2,112,57, -   ,12,1,3,2, -   , -   ,,,13,9,,63,,1,,332,,"2,478",,,,,,,,,,,,20,,,"3,308","97,933"
1914,269,92,23,,,,,195,59, -   ,847,,,,,,,42,3,38,20,7,44,,,,,"1,729",61,143,,,133,,,,,,,,,154,"1,320",,,103,,235,,,,103,43,22,,,,,,,,,"2,489",,,133,"4,351",146,"1,196","4,447",,"4,055",458,,285,"10,587","1,658",,284,"2,271",625,,"4,135",129,15,,,,,,,"54,540","1,608",,"65,265","4,277",204,76,253,,,49,340,80,,24,,126,,"5,429",14,22,9, -   ,299,11,1,,238,,,,,,,,,,,,594,,,,,,,96,90,172,7,27,,1,1,9,1,86,67,49, -   ,34,1,19,3, -   , -   ,,,7,9,,14,,2,,217,,"2,491",,,,,,,,,,,,20,,,"3,161","89,387"
1915,275,61,9,,,,,129,67, -   ,626,,,,,,,14,6,35,27,6,34,,,,,"1,367",69,112,,,141,,,,,,,,,124,"1,028",,,101,,152,,,,66,16,20,,,,,,,,,"2,083",,,85,"3,535",126,699,"3,058",,"2,854",292,,223,"7,252","1,253",,231,"1,804",569,,"4,246",168,3,,,,,,,"49,492","1,831",,"59,597","3,935",123,47,202,,,37,299,29,,19,,82,,"4,773",16,12, -   , -   ,188,13,1,,180,,,,,,,,,,,,410,,,,,,,30,78,254,1,16,, -   , -   ,383,1,60,62,30, -   ,20,3,3, -   , -   , -   ,,,4,10,,15,,1,,63,,"1,693",,,,,,,,,,,,10,,,"2,405","77,972"
1916,257,47,9,,,,,109,84, -   ,451,,,,,,,12, -   ,34,27,10,72,,,,,"1,219",51,116,,,149,,,,,,,,,98,920,,,72,,152,,,,53,23,10,,,,,,,,,"1,983",,,114,"3,316",104,739,"3,141",,"3,825",346,,252,"8,407","1,124",,247,"1,903",633,,"5,407",71,21,,,,,,,"51,362","2,113",,"62,881","3,695",84,34,135,,,45,237,44,,7,,52,,"4,333",8,9,2, -   ,120,7,3,,38,,,,,,,,,,,,187,,,,,,,26,107,339, -   ,20,,1, -   ,4, -   ,16,64,23, -   ,13,2,6, -   , -   , -   ,,,1,3,,18,, -   ,,73,,"1,254",,,,,,,,,,,,5,,,"1,529","80,653"
1917,226,57,14,,,,,88,92, -   ,284,,,,,,,16,1,23,47,5,55,,,,,"1,030",33,94,,,86,,,,,,,,,74,663,,,60,,135,,,,38,12,8,,,,,,,,,"1,703",,,134,"2,867",120,774,"3,552",,"5,007",497,,246,"10,196","1,203",,238,"2,314",835,,"6,721",56,32,,,,,,,"55,705","2,644",,"69,748","3,857",116,32,89,,,39,333,31,,5,,48,,"4,550",30,16,2,2,142,5,2,,30,,,,,,,,,,,,229,,,,,,,31,122,500,1,26,, -   , -   ,1, -   ,38,58,33, -   ,36,2,16,2, -   , -   ,,,2,9,,10,,1,,27,,964,,,,,,,,,,,,17,,,"1,274","88,864"
1918,204,49,14,,,,,86,92, -   ,313,,,,,,,21,1,18,48,7,90,,,,,"1,042",35,82,,,79,,,,,,,,,78,723,,,50,,102,,,,58,5,9,,,,,,,,,"1,908",,,100,"3,050",112,787,"3,662",,"5,769",468,,270,"11,068",708,,300,"2,216",929,,"6,603",66,24,,,,,,,"54,450","2,599",,"67,895","3,852",69,44,87,,,32,346,27,,2,,15,,"4,474",13,9, -   ,1,105,4,1,,33,,,,,,,,,,,,166,,,,,,,39,99,687,1,16,, -   , -   , -   , -   ,23,76,29, -   ,30,3,4, -   , -   , -   ,,,1,3,,9,,4,,16,,845,,,,,,,,,,,,10,,,"1,109","87,762"
1919,298,95,21,,,,,182,76, -   ,557,,,,,,,22, -   ,18,33,11,75,,,,,"1,483",47,92,,,138,,,,,,,,,121,"1,061",,,68,,150,,,,70,7,24,,,,,,,,,"2,704",,,203,"4,390",150,998,"4,456",,"6,742",697,,399,"13,442",591,,248,"2,037","1,148",,"4,750",39,17,,,,,,,"51,843","1,918",,"62,591","4,447",98,51,144,,,26,282,32,,7,,13,,"5,100",23,14, -   ,1,178,8,9,,71,,,,,,,,,,,,304,,,,,,,61,95,926,3,27,, -   , -   ,415, -   ,4,94,25, -   ,12,2,10, -   , -   , -   ,,,3,6,,13,, -   ,,9,,"1,309",,,,,,,,,,,,7,,,"2,000","87,827"
1920,313,100,16,,,,,178,62, -   ,613,,,,,,,35,1,27,34,3,58,,,,,"1,546",71,192,,,156,,,,,,,,,130,"1,372",,,80,,155,,,,95,8,14,,,,,,,,,"3,070",,,235,"4,851",163,"1,477","5,416",,"7,143",830,,497,"15,526",815,,265,"1,943","1,416",,"5,248",68,19,,,,,,,"59,634","2,193",,"71,601","5,454",117,41,142,,,62,463,94,,9,,31,,"6,413",7,6,1, -   ,215,2,1,,97,,,,,,,,,,,,329,,,,,,,70,106,797,4,28,, -   , -   ,17,1,9,100,27, -   ,9,1,9, -   , -   , -   ,,,4,14,,46,,1,,11,,"1,751",,,,,,,,,,,,5,,,"2,107","100,827"
1921,251,126,16,,,,,184,40,1,519,,,,,,,39,2,9,36,6,57,,,,,"1,398",43,187,,,168,,,,,,,,,125,"1,396",,,77,,152,,,,76,6,14,,,,,,,,,"2,841",,,211,"4,450",177,"1,359","5,733",,"7,610",784,,415,"16,078","1,178",,357,"1,786","1,394",,"3,944",90,19,,,,,,,"61,869","1,866",,"72,503","6,562",238,78,222,,,121,507,53,,22,,37,,"7,840",13,13,25,3,377,5,2,,109,,,,,,,,,,,,547,,,,,,,79,112,597,7,33,, -   ,1,2,20,100,100,22, -   ,9,5,4,3, -   , -   ,,,8,18,,20,,3,,11,,"1,380",,,,,,,,,,,,15,,,"1,840","103,258"
1922,243,118,13,,,,,172,54, -   ,424,,,,,,,39,9,12,21,4,31,,,,,"1,251",59,221,,,170,,,,,,,,,118,"1,536",,,81,,203,,,,98,11,15,,,,,,,,,"3,037",,,164,"4,452",247,"1,451","5,989",,"8,540","1,013",,510,"17,750","1,529",,265,"1,951","1,247",,"3,695",110,23,,,,,,,"62,103","1,765",,"72,688","8,581",297,104,349,,,182,600,66,,23,,84,,"10,286",4,8,5,1,193,1,7,,103,,,,,,,,,,,,322,,,,,,,91,111,525,3,32,, -   , -   ,6, -   ,10,69,33, -   ,18,1,5,1, -   , -   ,,,10,18,,31,,1,,5,,"1,461",,,,,,,,,,,,27,,,"1,822","107,320"
1923,259,91,19,,,,,155,52, -   ,421,,,,,,,70,1,11,23,5,54,,,,,"1,269",68,211,,,201,,,,,,,,,110,"1,597",,,59,,210,,,,88,9,12,,,,,,,,,"3,030",,,151,"4,450",197,"1,522","6,099",,"8,420",989,,505,"17,732","1,787",,231,"1,976","1,140",,"3,428",143,49,,,,,,,"64,391","1,697",,"74,842","8,845",360,175,345,,,224,609,56,,29,,114,,"10,757",5,12,11,1,188,4,3,,57,,,,,,,,,,,,281,,,,,,,114,108,465,4,32,, -   , -   ,8,8,14,96,62, -   ,33,2,9, -   , -   , -   ,,,6,21,,26,,1,,1,,"1,683",,,,,,,,,,,,24,,,"2,144","110,206"
1924,274,79,9,,,,,148,52,1,470,,,,,,,28,1,10,18,4,39,,,,,"1,259",70,265,,,185,,,,,,,,,116,"1,673",,,72,,200,,,,89,7,27,,,,,,,,,"3,160",,,122,"4,541",188,"1,432","6,026",,"8,939",898,,534,"18,017","1,951",,164,"1,996",873,,"3,572",138,81,,,,,,,"65,967","1,786",,"76,528","9,176",384,120,329,,,238,618,113,,25,,106,,"11,109",13,15, -   , -   ,191,9,5,,86,,,,,,,,,,,,319,,,,,,,126,126,456,16,31,, -   , -   , -   , -   ,7,85,39, -   ,23, -   ,5,1, -   , -   ,,,9,16,,30,,1,,3,,"1,649",,,,,,,,,,,,19,,,"2,060","112,574"
1925,318,107,22,,,,,161,40, -   ,558,,,,,,,55,9,11,28,5,86,,,,,"1,495",67,258,,,166,,,,,,,,,94,"1,668",,,98,,224,,,,121,8,16,,,,,,,,,"3,126",,,136,"4,757",151,"1,207","6,492",,"8,574",802,,515,"17,741","2,202",,150,"1,825",975,,"3,560",171,30,,,,,,,"66,926","1,881",,"77,720","8,878",808,166,343,,,143,504,69,,30,,83,,"11,024",6,12,5, -   ,194,4,1,,78,,,,,,,,,,,,300,,,,,,,125,95,406,14,56,, -   , -   ,13,10,11,119,18, -   ,8, -   ,2,1, -   , -   ,,,7,15,,39,,2,,1,,"1,981",,,,,,,,,,,,22,,,"2,444","113,986"
1926,297,74,14,,,,,152,36, -   ,882,,,,,,,33,41,12,16,5,55,,,,,"1,719",91,354,,,155,,,,,,,,,125,"1,836",,,86,,223,,,,92,6,22,,,,,,,,,"3,428",,,120,"5,267",155,"1,171","7,249",,"9,363",864,,589,"19,391","2,331",,254,"1,804","1,181",,"3,760",293,76,,,,,,,"81,211","2,069",,"92,979","10,661",492,184,472,,,54,717,95,,25,,102,,"12,802",13,14,5, -   ,158,10,7,,109,,,,,,,,,,,,316,,,,,,,151,102,438,8,63,, -   , -   ,36,12,8,94,30, -   ,5,4,4, -   , -   , -   ,,,6,7,,25,, -   ,,6,,"2,194",,,,,,,,,,,,52,,,"2,705","133,460"
1927,293,104,16,,,,,122,31,3,"1,019",,,,,,,27, -   ,8,19,6,74,,,,,"1,846",67,345,,,197,,,,,,,,,113,"1,928",,,91,,279,,,,104,13,19,,,,,,,,,"3,533",,,110,"5,489",139,"1,288","7,102",,"9,349",872,,609,"19,359","2,986",,132,"1,898","1,473",,"3,701",322,108,,,,,,,"71,983","2,159",,"84,762","9,905",462,261,677,,,124,636,153,,26,,173,,"12,417",5,9, -   , -   ,184,5,2,,76,,,,,,,,,,,,281,,,,,,,122,124,377,9,48,, -   , -   , -   , -   ,14,166,39, -   ,24, -   ,10,4, -   , -   ,,,6,7,,85,,2,,3,,"2,724",,,,,,,,,,,,132,,,"3,395","125,703"
1928,284,78,6,,,,,172,21, -   ,"1,070",,,,,,,22,2,4,24,1,113,,,,,"1,898",58,336,,,141,,,,,,,,,107,"1,934",,,73,,275,,,,103,8,12,,,,,,,,,"3,397",,,128,"5,423",154,"1,330","8,488",,"9,985","1,014",,807,"21,778","2,134",,154,"1,668","1,496",,"3,505",348,136,,,,,,,"75,125","2,044",,"86,610","10,435",541,224,718,,,96,591,113,,33,,152,,"12,903",18,5, -   , -   ,159,8,8,,81,,,,,,,,,,,,279,,,,,,,197,101,350,3,66,, -   , -   , -   , -   ,6,131,23, -   ,13, -   ,4, -   , -   , -   ,,,7,3,,91,,1,,2,,"2,804",,,,,,,,,,,,125,,,"3,476","130,469"
1929,311,89,14,,,,,152,20, -   ,"1,162",,,,,,,28,1,7,13,5,84,,,,,"1,987",102,364,,,191,,,,,,,,,89,"1,853",,,76,,346,,,,84,11,20,,,,,,,,,"3,474",,,167,"5,628",101,"1,302","8,736",,"10,395","1,013",,931,"22,478","2,562",,152,"1,677","1,529",,"3,606",292,108,,,,,,,"77,230","2,044",,"89,200","9,971",731,411,"1,042",,,45,728,91,,38,,163,,"13,220",48,11,3, -   ,181,13,9,,89,,,,,,,,,,,,354,,,,,,,203,101,338,9,40,, -   , -   ,3, -   ,8,124,33, -   ,28,4,7,3, -   , -   ,,,6,2,,17,, -   ,,1,,"3,094",,,,,,,,,,,,119,,,"3,701","134,581"
1930,300,78,13,,,,,192,22, -   ,"1,251",,,,,,,27, -   ,23,20,4,98,,,,,"2,123",47,398,,,203,,,,,,,,,89,"1,871",,,58,,402,,,,76,15,13,,,,,,,,,"3,546",,,217,"5,886",163,"1,449","9,720",,"11,846","1,259",,"1,233","25,670","2,150",,130,"1,994","1,679",,"3,575",347,144,,,,,,,"84,697","2,102",,"96,818","11,296",676,267,998,,,104,739,118,,30,,185,,"14,413",18,6, -   ,3,167,16,6,,135,,,,,,,,,,,,351,,,,,,,267,95,374,5,89,, -   , -   ,5,1,16,168,23, -   ,25,4,8, -   , -   , -   ,,,7,2,,31,,1,,2,,"3,053",,,,,,,,,,,,186,,,"3,893","147,031"
1931,287,70,18,2,,,,165,13,1,"1,174",,,,,,,35, -   ,9,13,8,98,,,,,"1,992",73,371,,,178,,,,,,,,,90,"1,668",,,78,,383,,,,97,15,15,,,,,,,,,"3,291",,,208,"5,491",123,"1,488","12,261",,"14,278","1,517",,"1,382","31,049","2,053",,150,"2,031","2,083",,"3,414",428,123,,,,,,,"90,436","2,369",,"103,087","11,503",822,373,"1,240",,,74,823,81,,57,,180,,"15,153",9,11,5, -   ,228,14,11,,130,,,,,,,,,,,,408,,,,,,,338,99,323,5,71,, -   , -   ,1,2,10,138,41, -   ,8,3,13, -   , -   , -   ,,,3,6,,16,,1,, -   ,,"3,115",,,,,,,,,,,,319,,,"4,090","159,278"
1932,289,81,15,,,,,194,34, -   ,"1,046",,,,,,,37,6,1,23,3,78,,,,,"1,910",46,487,,,258,,,,,,,,,72,"1,590",,,62,,285,,,,93,27,12,,,,,,,,,"3,270",,,342,"5,522",143,"1,925","16,408",,"17,420","1,754",,"1,957","39,607","2,722",,142,"2,930","4,894",,"3,490",329,184,,,,,,,"123,289","2,611",,"140,591","12,423","1,483",391,"1,668",,,83,"1,083",118,,90,,234,,"17,573",,,,,197,,,,211,,,,,,,,,,,,408,,,,,,,450,103,338,10,100,, -   , -   ,18,10,11,124,69,,,,,,,,,,,,,,,,,,,"3,299",,,,,,,,,,,,383,,,"4,474","208,175"
1933,356,73,7,,,,,163,16, -   ,"1,292",,,,,,,28, -   ,5,15,6,55,,,,,"2,094",82,554,,,210,,,,,,,,,75,"1,766",,,78,,301,,,,110,16,28,,,,,,,,,"3,520",,,219,"5,833",111,"1,575","15,148",,"15,590","1,967",,"2,351","36,742","2,252",,136,"2,955","6,654",,"3,436",311,220,,,,,,,"142,747","2,738",,"161,449","13,387","1,034",349,"1,936",,,86,"1,207",66,,78,,265,,"18,408",,,,,195,,,,201,,,,,,,,,,,,396,,,,,,,361,78,300,14,78,, -   , -   ,6,3,23,115,48,,,,,,,,,,,,,,,,,,,"3,354",,,,,,,,,,,,455,,,"4,457","227,285"
1934,348,92,16,,,,,166,25, -   ,"1,400",,,,,,,43,1,9,16,6,73,,,,,"2,266",64,581,,,192,,,,,,,,,84,"2,071",,,97,,432,,,,79,33,25,,,,,,,,,"3,970",,,215,"6,451",106,"1,541","14,791",,"14,623","2,343",,"3,028","36,432","2,354",,169,"2,727","6,872",,"4,088",416,240,,"26,263","17,898","12,976","9,931","1,303","79,251","2,996",,"167,484","12,865","1,037",351,"2,098",,,105,"1,272",125,,104,,237,,"18,194",,,,,242,,,,199,,,,,,,,,,,,441,,,,,,,262,71,312,8,77,,,,2,4,18,90,43,,,,,,,,,,,,,,,,,,,"3,399",,,,,,,,,,,,454,,,"4,357","233,359"
1935,312,83,11,,,,,222,31, -   ,"1,504",,,,,,,39,7,8,23,4,116,,,,,"2,431",78,535,,,227,,,,,,,,,104,"1,964",,,71,,417,,,,88,27,23,,,,,,,,,"3,835",,,182,"6,448",109,"1,191","14,234",,"14,813","2,412",,"3,054","35,813","2,454",,138,"2,463","6,997",,"4,682",265,272,,"24,361","17,548","15,075","9,985","1,224","79,539","3,358",,"168,361","13,826",924,333,"2,038",,,178,"1,124",128,,63,,241,,"18,855",,,,,202,,,,232,,,,,,,,,,,,434,,,,,,,404,71,301,8,68,,,,5,6,4,163,36,,,,,,,,,,,,,,,,,,,"3,290",,,,,,,,,,,,477,,,"4,461","234,372"
1936,361,96,15,,,,,207,20,1,"1,581",,,,,,,19,3,11,29,3,141,,,,,"2,545",125,690,,,352,,,,,,,,,99,"2,200",,,67,,420,,,,92,16,16,,,,,,,,,"4,358",,,189,"7,092",104,"1,247","14,717",,"15,743","2,818",,"3,397","38,026","2,839",,103,"2,776","6,605",,"5,112",335,321,,"25,834","17,910","15,217","12,160","1,440","86,001","3,534",,"180,187","13,261",883,452,"2,238",,,100,"1,308",167,,80,,234,,"18,723",,,,,174,,,,250,,,,,,,,,,,,424,,,,,,,394,58,281,7,86,,,,1,1,7,138,58,,,,,,,,,,,,,,,,,,,"3,080",,,,,,,,,,,,579,,,"4,351","248,803"
1937,305,74,29,1,,,,256,20,,"1,701",,,,,,,26,,11,25,7,197,,,,,"2,723",102,703,,,316,,,,,,,,,108,"2,382",,,92,,501,,,,93,14,18,,,,,,,,,"4,646",,,209,"7,578",121,"1,565","17,394",,"17,819","3,322",,"4,552","44,773","2,875",,125,"2,554","7,257",,"6,186",305,582,,"27,350","22,005","15,303","13,807","1,914","88,699","3,275",,"192,237","11,850",990,236,"1,929",,,100,"1,388",94,,36,,129,,"16,752",,,,,256,,,,277,,,,,,,,,,,,533,,,,,,,358,71,317,21,87,,,,,1,5,83,55,,,,,,,,,,,,,,,,,,,"3,225",,,,,,,,,,,,557,,,"4,392","266,265"
1938,305,79,15,1,,,,388,20,,"1,602",,,,,,,30,,15,20,5,172,,,,,"2,721",134,822,,,320,,,,,,,,,99,"2,593",,,80,,477,,,,74,24,22,,,,,,,,,"5,018",,,287,"8,026",133,"1,515","17,449",,"20,535","3,905",,"5,116","48,653","2,437",,96,"2,380","7,659",,"5,588",453,593,,"30,463","25,281","15,273","16,284","2,330","91,114","3,433",,"203,384","12,594","1,046",292,"2,044",,,121,"1,491",122,,49,,147,,"17,906",,,,,254,,,,318,,,,,,,,,,,,572,,,,,,,531,69,373,26,68,,,,,,7,101,87,,,,,,,,,,,,,,,,,,,"3,303",,,,,,,,,,,,556,,,"4,679","283,220"
1939, N/A ,,,,,,,,,,,,,,,,,,,,,,,,,,,"2,899",,,,,,,,,,,,,,,,,,,,,,,,,,,,,,,,,,,"5,015",,,, -   ,,,,,,,,, -   ,,,,,,,,,,,,,,,,,,,"219,478",,,,,,,,,,,,,,,"17,561",,,,,,,,,,,,,,,,,,,,, -   ,,,,,,,,,,,,,,,,,,,,,,,,,,,,,,,,,,,,,,,,,,,,,,,,,,,,,"6,523","203,771"
1940,288,70,11,2,,,,237,28,,"1,539",,,,,,,18,,23,30,6,110,,,,,"2,424",97,808,,,251,,,,,,,,,125,"2,381",,,65,,433,,,,75,12,13,,,,,,,,,"4,626",,,342,"7,392",128,"1,032","14,182",,"25,088","3,886",,"4,689","49,005","1,807",,109,"2,627","8,219",,"6,570",473,"1,056",,"42,889","16,849","23,976","16,673","1,716","102,707","5,560",,"231,231","9,339",773,150,"1,142",,,34,"1,446",218,,22,,105,,"13,229",,,,,312,,,,415,,,,,,,,,,,,727,,,,,,,334,62,366,6,65,,,,2,,76,94,32,,,,,,,,,,,,,,,,,,,"2,603",,,,,,,,,,,,318,,,"3,530","305,114"
1941,315,97,18,1,,,,272,46,,"1,638",,,,,,,21,,21,33,12,171,,,,,"2,727",177,757,,,390,,,,,,,,,169,"2,589",,,76,,542,,,,83,18,12,,,,,,,,,"5,608",,,483,"8,818",159,"1,211","16,996",,"26,360","3,190",,"4,669","52,585","1,703",,174,"2,736","11,310",,"10,777",843,"1,879",,"55,300","15,672","19,845","14,966","1,889","131,644","8,455",,"277,193","11,097",523,201,"1,066",,,50,"2,791",241,,13,,25,,"16,007",,,,,300,,,,397,,,,,,,,,,,,697,,,,,,,291,82,795,8,50,,,,,1,7,115,16,,,,,,,,,,,,,,,,,,,"2,476",,,,,,,,,,,,391,,,"3,355","358,655"
1942,406,74,27,,,,,279,34,,"1,718",,,,,,,38,1,20,24,5,344,,,,,"3,050",208,998,,,582,,,,,,,,,200,"2,745",,,117,,651,,,,98,46,14,,,,,,,,,"6,766",,,685,"10,501",157,"1,750","18,946",,"26,975","3,465",,"4,624","55,917","1,379",,158,"3,045","13,837",,"12,070",843,"1,639",,"53,319","12,180","16,722","9,253","1,005","142,339","8,729",,"276,518","10,756",498,255,822,,,19,"4,928",334,,6,,20,,"17,638",,,,,353,,,,610,,,,,,,,,,,,963,,,,,,,249,80,"1,107",10,64,,,,,13,,166,29,,,,,,,,,,,,,,,,,,,"2,386",,,,,,,,,,,,435,,,"3,352","364,889"
1943,322,99,29,1,,,,329,48,,"1,950",,,,,,,24,,23,35,13,461,,,,,"3,432",245,"1,208",,,623,,,,,,,,,257,"3,302",,,108,,700,,,,125,25,12,,,,,,,,,"7,784",,,730,"11,946",175,"1,984","20,331",,"27,486","3,740",,"4,620","58,336","1,142",,147,"3,581","16,081",,"11,254",871,"1,708",,"51,549","11,084","15,131","6,846",823,"151,969","8,448",,"280,634","10,935",692,303,557,,,29,"4,374",330,,9,,19,,"17,248",,,,,545,,,,747,,,,,,,,,,,,"1,292",,,,,,,207,98,"1,179",13,44,,,,,,6,177,26,,,,,,,,,,,,,,,,,,,"2,600",,,,,,,,,,,,231,,,"3,304","372,760"
1944,358,146,16,,,,,403,54,1,"2,332",,,,,,,14,1,15,38,14,649,,,,,"4,162",277,"1,186",,,449,,,,,,,,,416,"3,639",,,109,,767,,,,122,52,16,,,,,,,,,"8,079",,,821,"13,062",223,"2,662","23,254",,"36,635","5,005",,"5,882","73,661",949,,164,"3,452","18,966",,"11,260","1,039","2,494",,"58,687","14,509","14,412","6,071","1,723","164,204","9,389",,"307,319","11,055",579,299,538,,,62,"3,200",256,,12,,10,,"16,011",,,,,609,,,,"1,050",,,,,,,,,,,,"1,659",,,,,,,229,121,"1,046",9,58,,,,,,12,209,38,,,,,,,,,,,,,,,,,,,"2,530",,,,,,,,,,,,213,,,"3,298","415,010"
1945,492,190,29,,,,,545,62,,"2,737",,,,,,,10,,26,53,12,464,,,,,"4,743",223,"1,318",,,459,,,,,,,,,377,"3,904",,,114,,820,,,,141,41,14,,,,,,,,,"8,546",,,"1,033","14,322",306,"3,831","31,073",,"55,182","7,449",,"10,035","107,876",885,,156,"4,176","24,538",,"11,364",879,"2,788",,"50,492","26,520","12,946","6,397","3,714","178,455","10,132",,"333,442","11,319",844,179,746,,,34,"3,096",323,,9,,10,,"16,560",,,,,703,,,,"1,613",,,,,,,,,,,,"2,316",,,,,,,390,123,"1,135",10,77,,,,2,,9,159,24,,,,,,,,,,,,,,,,,,,"2,972",,,,,,,,,,,,235,,,"3,878","478,394"
1946,347,167,30,2,,,,498,47,1,"2,510",,,,,,,12,,15,37,13,286,,,,,"4,062",247,"1,523",,,561,,,,,,,,,251,"4,659",,,109,,684,,,,127,26,15,,,,,,,,,"9,329",,,921,"14,312",368,"4,220","31,270",,"57,898","8,356",,"12,167","114,279",799,,241,"4,413","23,719",,"10,520",817,"2,700",,"41,029","32,546","14,622","5,360","5,171","168,713","8,130",,"318,780","12,045",713,174,"1,128",,,20,"3,739",276,,9,,10,,"18,114",,,,,535,,,,"1,826",,,,,,,,,,,,"2,361",,,,,,,411,97,"1,127",19,68,,,,1,1,3,151,53,,,,,,,,,,,,,,,,,,,"3,406",,,,,,,,,,,,558,,,"4,671","472,517"
1947,371,179,33,,,,,572,51,,"2,908",,,,,,,15,,11,15,5,178,,,,,"4,408",255,"1,839",,,690,,,,,,,,,240,"5,052",,,115,,675,,,,152,29,24,,,,,,,,,"9,999",,,979,"15,386",333,"3,886","30,398",,"55,951","8,439",,"12,341","111,348","1,056",,285,"4,240","23,565",,"12,546",810,"2,704",,"38,875","33,984","18,723","5,289","4,138","184,703","8,976",,"339,894","14,376","1,404",250,"2,326",,,103,"5,260",288,,2,,7,,"24,016",,,,,594,,,,"2,266",,,,,,,,,,,,"2,860",,,,,,,441,70,928,22,103,,,,,,3,146,36,,,,,,,,,,,,,,,,,,,"3,737",,,,,,,,,,,,588,,,"5,076","498,580"
1948,341,191,44,,,,,646,70,5,"3,547",,,,,,,31,1,11,21,9,197,,,,,"5,183",258,"2,216",,,660,,,,,,,,,252,"5,659",,,100,,784,,,,138,31,16,,,,,,,,,"10,922",,,"1,101","17,206",394,"4,174","31,578",,"54,071","8,588",,"13,403","112,208","1,741",,257,"4,685","24,186",,"14,242","1,049","2,635",,"42,404","32,665","24,490","6,382","2,904","191,718","9,044",,"358,402","14,941","2,164",268,"1,882",,,71,"5,651",248,,16,,48,,"25,289",,,,,549,,,,"3,174",,,,,,,,,,,,"3,723",,,,,,,457,69,808,25,98,,,,,1,9,133,51,,,,,,,,,,,,,,,,,,,"4,553",,,,,,,,,,,,529,,,"5,856","522,684"
1949,298,167,23,,,,,625,50,,"3,705",,,,,,,46,,7,11,9,228,,,,,"5,235",562,"2,409",,,852,,,,,,,,,233,"6,191",,,116,,838,,,,161,16,19,,,,,,,,,"12,015",,,990,"18,240",357,"3,741","26,980",,"41,656","6,675",,"11,606","91,015","1,748",,303,"4,125","20,868",,"11,937","1,046","2,242",,"36,076","30,297","22,054","6,665","2,806","161,424","7,206",,"308,797","21,261","3,547",368,"2,088",,,94,"4,209",160,,8,,12,,"31,747",,,,,663,,,,"3,453",,,,,,,,,,,,"4,116",,,,,,,430,66,618,22,121,,,,,1,7,134,54,,,,,,,,,,,,,,,,,,,"4,686",,,,,,,,,,,,499,,,"5,954","459,869"
1950,346,183,33,,,,,976,72,19,"4,201",,,,,,,81,,25,15,9,251,,,,,"6,249",534,"2,893",,,989,,,,,,,,,314,"6,678",,,135,,866,,,,185,42,21,,,,,,,,,"13,185",,,"1,021","20,455",333,"3,614","26,220",,"42,497","7,041",,"12,666","92,371","2,166",,280,"3,827","18,521",,"11,989",724,"1,934",,"31,496","33,156","23,013","7,371","6,192","160,406","7,586",,"308,661","18,627","3,777",465,"2,464",,,228,"3,586",174,,13,,17,,"29,351",,,,,545,,,,"3,973",,,,,,,,,,,,"4,518",,,,,,,468,38,528,15,103,,,,1,1,31,122,79,,,,,,,,,,,,,,,,,,,"4,676",,,,,,,,,,,,583,,,"6,079","461,435"
1951,328,126,46,1,,,,"1,078",58,,"4,445",,,,,,,96,2,28,18,8,237,,,,,"6,516",452,"3,272",,,"1,152",,,,,,,,,335,"7,287",,,193,,"1,199",,,,209,32,24,,,,,,,,,"14,633",,,800,"21,949",353,"3,729","26,292",,"44,873","7,135",,"13,007","95,389","2,344",,333,"3,867","19,679",,"16,432",833,"2,568",,"32,520","43,127","24,652","8,471","5,072","195,509","9,716",,"365,123","19,822","4,449",522,"2,423",,,199,"3,117",202,,25,,34,,"30,793",,,,,513,,,,"4,480",,,,,,,,,,,,"4,993",,,,,,,557,45,478,11,63,,,,1,,4,138,104,,,,,,,,,,,,,,,,,,,"4,524",,,,,,,,,,,,857,,,"6,259","524,506"
1952,400,155,41,,,,,"1,027",53,1,"4,873",,,,,,,80,,53,15,11,233,,,,,"6,997",670,"3,087",,,"1,686",,,,,,,,,260,"7,226",,,199,,"1,127",,,,214,36,17,,,,,,,,,"14,967",,,"1,002","22,966",334,"3,847","28,460",,"43,824","7,123",,"13,805","97,393","2,921",,349,"3,794","19,683",,"16,057",628,"2,231",,"33,499","41,125","24,128","9,916","5,037","182,144","9,188",,"350,700","18,222","4,944",917,"2,968",,,179,"3,938",177,,21,,37,,"31,403",,,,,608,,,,"4,395",,,,,,,,,,,,"5,003",,,,,,,548,55,445,27,93,,,,,,11,152,58,,,,,,,,,,,,,,,,,,,"4,484",,,,,,,,,,,,721,,,"6,094","513,559"
1953,327,129,52,,,,,981,63,1,"5,111",,,,,,,95,,,23,7,243,,,,,"7,083",700,"3,305",,,"1,675",,,,,,,,,295,"7,917",,,231,,"1,338",,,,326,28,27,,,,,,,,,"16,317",,,980,"24,380",286,"3,709","26,841",,"37,312","6,536",,"13,432","88,116","2,881",,293,"3,851","18,466",,"13,121",633,"1,670",,"31,700","39,739","21,736","10,223","4,421","159,844","7,786",,"316,364","18,132","5,309",762,"3,560",,,,"4,214",383,,8,,44,,"32,412",,,,,635,,,,"4,674",,,,,,,,,,,,"5,309",,,,,,,491,51,475,19,89,,,,,,15,199,69,,,,,,,,,,,,,,,,,,,"4,816",,,,,,,,,,,,710,,,"6,408","472,989"
1954,311,176,62,,,,,"1,048",48,2,"5,425",,,,,,,113,,,16,9,257,,,,,"7,506","1,043","3,280",,,"2,034",,,,,,,,,294,"7,184",,,210,,"1,340",,,,251,36,33,,,,,,,,,"16,096",,,812,"24,414",284,"3,183","23,200",,"31,754","5,904",,"11,118","75,443","3,036",,311,"3,327","16,551",,"12,841",539,"1,705",,"24,896","39,398","21,941","9,475","3,849","147,330","6,468",,"291,667","16,623","4,930",830,"3,884",,,,"4,675",198,,9,,21,,"31,170",,,,,598,,,,"4,653",,,,,,,,,,,,"5,251",,,,,,,445,39,391,15,89,,,,1,,16,229,93,,,,,,,,,,,,,,,,,,,"4,844",,,,,,,,,,,,650,,,"6,382","434,327"
1955,279,169,44,,,,,"1,042",54,,"5,884",,,,,,,150,,,14,19,179,,,,,"7,884",766,"3,556",,,"2,322",,,,,,,,,340,"7,619",,,195,,"1,491",,,,308,37,47,,,,,,,,,"17,078",,,823,"25,785",245,"2,944","22,050",,"32,420","5,741",,"11,087","74,487","2,914",,356,"3,630","16,827",,"12,945",454,"1,626",,"22,898","43,304","23,308","8,538","4,416","153,819","7,016",,"302,051","15,431","3,373",945,"3,217",,,,"3,866",176,,11,,33,,"27,052",,,,,637,,,,"1,547",,,,,,,,,,,,"2,184",,,,,,,420,50,397,92,,,,,,1,33,214,119,,,,,,,,,,,,,,,,,,,"5,220",,,,,,,,,,,,427,,,"6,526","438,085"
1956,315,162,57,,31,,,"1,227",68,,"7,039",,,,,,,167,,,15,15,187,,,,,"9,307",907,"3,355",,,"1,934",,,,,,,,,329,"8,141",,,172,,"1,578",,,,285,27,35,,,,,,,,,"17,103",,,965,"27,375",342,"2,942","23,553",,"39,278","6,474",,"12,759","85,348","3,206",,268,"3,639","18,222",,"12,810",511,"1,752",,"26,573","50,782","25,756","10,900","6,109","163,033","7,215",,"330,776","15,007","3,576",874,"3,572",,,,"3,739",262,,12,,27,,"27,069",,,,,641,,,,"1,918",,,,,,,,,,,,"2,559",,,,,,,420,24,340,119,,,,,,,31,156,59,,,,,,,,,,,,,,,,,,,"5,387",,,,,,,,,,,,411,,,"6,583","479,710"
1957,332,158,62,1,342,,,"1,397",75,2,"8,192",,,,,,,185,,,10,7,159,,,,,"10,960",803,"3,605",,,"1,919",,,,,,,,,408,"8,985",,,265,,"1,930",,,,312,21,49,,,,,,,,,"18,635",,,"1,194","30,789",379,"3,673","29,013",,"48,121","7,580",,"15,676","104,442","2,677",,281,"3,821","20,957",,"12,938",472,"1,831",,"34,020","54,937","29,690","14,858","7,518","176,985","8,619",,"369,604","16,538","3,641",768,"5,288",,,,"4,475",160,,16,,38,,"30,924",,,,,776,,,,"2,189",,,,,,,,,,,,"2,965",,,,,,,600,38,338,121,,,,,2,,26,184,64,,,,,,,,,,,,,,,,,,,"5,436",,,,,,,,,,,,405,,,"6,838","545,562"
1958,261,190,55,2,394,,,"1,565",68,1,"9,174",,,,,,,206,,,10,14,140,,,,,"12,137",625,"2,969",,,"1,877",,,,,,,,,391,"8,322",,,257,,"2,586",,,,267,42,39,,,,,,,,,"17,691",,,"1,692","31,520",468,"4,528","36,271",,"58,513","10,142",,"20,431","130,353","2,892",,284,"4,396","23,956",,"12,279",518,"1,499",,"40,419","68,466","34,194","21,533","9,823","189,129","10,002",,"419,390","18,941","4,064",866,"5,544",,,,"5,021",304,,29,,22,,"34,791",,,,,722,,,,"2,885",,,,,,,,,,,,"3,607",,,,,,,779,57,316,164,,,,,1,,56,208,55,,,,,,,,,,,,,,,,,,,"5,060",,,,,,,,,,,,525,,,"6,848","626,509"
1959,266,167,61,1,390,,,"1,745",72,,"10,760",,,,,,,202,,,11,16,154,,,,,"13,876",706,"3,420",,,"1,606",,,,,,,,,512,"9,624",,,285,,"3,152",,,,291,69,44,,,,,,,,,"20,024",,,"1,900","35,800",442,"4,627","37,841",,"59,221","10,027",,"21,014","133,172","3,727",,290,"4,800","25,299",,"12,043",696,"1,356",,"45,298","79,899","35,123","23,911","13,248","200,198","10,254",,"456,142","21,646","4,511","1,601","6,303",,,,"5,238",264,,36,,60,,"39,659",,,,,989,,,,"3,094",,,,,,,,,,,,"4,083",,,,,,,790,31,315,160,,,,1,2,8,58,108,33,,,,,,,,,,,,,,,,,,,"4,980",,,,,,,,,,,,630,,,"6,770","675,626"
1960,282,210,63,,470,,,"1,847",72,,"12,295",,,,,,,249,,,8,18,221,,,,,"15,759",641,"3,095",,,"1,504",,,,,,,,,515,"9,663",,,232,,"3,608",,,,286,48,60,,,,,,,,,"19,937",,,"2,014","37,710",476,"4,693","41,898",,"68,174","10,993",,"24,388","150,622","3,275",,282,"5,170","27,639",,"13,283",463,"1,343",,"47,458","92,704","41,535","26,952","16,840","212,314","11,696",,"500,954","24,248","4,942","1,551","5,308",,,,"6,237",295,,12,,46,,"42,639",,,,,891,,,,"3,911",,,,,,,,,,,,"4,802",,,,,,,756,24,285,241,,,,,2,4,66,136,31,,,,,,,,,,,,,,,,,,,"5,145",,,,,,,,,,,,605,,,"6,986","743,713"
1961,265,193,73,1,521,,,"1,913",57,,"13,972",,,,,,,312,,,10,8,245,,,,,"17,601",728,"3,224",,,"1,653",,,,,,,,,503,"9,386",,,229,,"3,923",,,,335,66,71,,,,,,,,,"20,404",,,"2,349","40,354",477,"5,211","47,728",,"73,474","11,536",,"25,739","164,165","4,115",,335,"5,284","30,558",,"14,695",578,"1,497",,"52,302","112,671","48,466","28,181","10,496","222,252","13,777",,"545,207","27,188","4,185","2,463","5,815",,,,"6,563",307,,18,,36,,"46,575",,,,,"1,115",,,,"4,491",,,,,,,,,,,,"5,606",,,,,,,821,31,286,205,,,,,3,5,82,174,26,,,,,,,,,4,,,,,,,,,,"3,019",,,,,,,,,,,,654,,,"4,993","806,900"
1962,299,204,47,1,404,,,"1,803",66,,"14,300",,,,,,,327,,,17,17,406,,,,,"17,948",560,"3,037",,,"1,269",,,,,,,,,473,"9,530",,,224,,"4,256",,,,309,48,53,,,,,,,,,"20,010",,,"2,517","40,475",578,"5,810","56,836",,"83,869","13,284",,"30,875","191,252","4,378",,393,"5,279","33,641",,"16,219",750,"1,533",,"57,854","130,393","52,954","32,833","10,615","241,724","15,783",,"604,349","30,293","5,660","1,969","6,216",,,,"7,435",344,,15,,22,,"51,954",,,,,"1,056",,,,"5,200",,,,,,,,,,,,"6,256",,,,,,,"1,050",57,251,250,,,,,3,,55,215,45,,,,,,,,,10,,,,,,,,,,,,,,,,,,,,,,510,,,"2,138","896,424"
1963,307,203,72,,458,,,"1,927",61,1,"16,352",,,,,,,376,,,13,19,239,,,,,"20,083",660,"3,268",,,"1,507",,,,,,,,,422,"9,641",,,190,,"4,178",,,,291,55,49,,,,,,,,,"20,518",,,"2,483","43,084",690,"6,688","65,178",,"94,842","15,026",,"35,446","217,870","4,435",,428,"5,668","38,874",,"16,040",691,"1,399",,"58,575","144,602","55,906","38,413","11,773","258,823","17,777",,"653,404","32,940","4,954","2,111","5,818",,,,"8,310",261,,24,,39,,"54,457",,,,,"1,129",,,,"5,806",,,,,,,,,,,,"6,935",,,,,,,"1,268",55,257,257,,,,,7,1,67,191,34,,,,,,,,,4,,,,,,,,,,,,,,,,,,,,,,497,,,"2,326","978,076"
1964,296,200,102,4,591,,,"2,072",54,,"19,278",,,,,,,518,,,10,20,271,,,,,"23,470",675,"3,095",,,"1,142",,,,,,,,,517,"9,931",,,225,,"3,750",,,,249,42,43,,,,,,,,,"19,903",,,"3,066","46,439",663,"7,376","72,483",,"98,909","15,539",,"37,680","232,650","4,240",,510,"6,916","46,498",,"16,220",703,"1,597",,"63,178","171,088","60,139","40,325","13,989","278,713","17,663",,"721,779","35,472","5,492","1,766","5,343",,,,"8,284",239,,45,,21,,"56,662",,,,,"1,442",,,,"6,449",,,,,,,,,,,,"7,891",,,,,,,"1,280",54,234,281,,,,,4,2,135,203,22,,,,,,,,,5,,,,,,,,,,,,,,,,,,,,,,610,,,"2,542","1,067,963"
1965,325,207,95,,703,,,"2,174",65,,"21,191",,,,,,,511,,,26,25,184,,,,,"25,548",584,"2,961",,,844,,,,,,,,,618,"10,280",,,244,,"3,971",,,,328,38,66,,,,,,,,,"20,155",,,"3,736","49,439",707,"7,709","77,853",,"108,105","16,177",,"40,755","251,306","5,487",,433,"7,248","50,432",,"18,187",869,"1,788",,"61,835","179,631","66,427","46,090","17,420","288,308","19,406",,"763,561","35,261","3,905","3,669","5,473",,,,"8,750",908,,18,,43,,"58,027",,,,,"1,564",,,,"6,956",,,,,,,,,,,,"8,520",,,,,,,"1,427",42,221,379,,,,,5,9,119,306,27,,,,,,,,,6,,,,,,,,,,,,,,,,,,,,,,751,,,"3,029","1,133,882"
1966,364,268,78,,644,,,"2,275",39,1,"22,204",,,,,,,548,,,17,28,208,,,,,"26,716",575,"3,137",,,947,,,,,,,,,644,"10,938",,,301,,"4,156",,,,237,68,64,,,,,,,,,"21,308",,,"4,474","52,498",801,"9,026","83,615",,"119,146","17,134",,"44,556","274,278","4,347",,424,"8,219","53,639",,"20,157",848,"1,828",,"60,007","186,407","68,288","46,805","20,042","304,979","21,676",,"797,666","38,361","3,978","2,334","6,261",,,,"10,698",370,,10,,5,,"62,017",,,,,"1,546",,,,"8,525",,,,,,,,,,,,"10,071",,,,,,,"1,691",42,241,409,,,,,7,,127,251,41,,,,,,,,,5,,,,,,,,,,,,,,,,,,,,,,798,,,"3,329","1,199,859"
1967,412,245,105,1,720,,,"2,645",49,,"24,036",,,,,,,442,,,23,27,314,,,,,"29,048",624,"3,563",,,840,,,,,,,,,702,"11,369",,,295,,"4,517",,,,260,29,56,,,,,,,,,"22,501",,,"4,564","56,113",859,"8,884","81,751",,"113,424","16,424",,"43,176","264,518","3,957",,430,"8,708","55,592",,"20,728",832,"2,070",,"60,031","182,573","70,971","49,520","19,214","309,467","23,736",,"807,829","39,019","4,186","2,311","6,145",,,,"12,375",319,,13,,14,,"64,382",,,,,"1,837",,,,"8,858",,,,,,,,,,,,"10,695",,,,,,,"1,867",29,246,427,,,,,6,3,130,251,14,,,,,,,,,14,,,,,,,,,,,,,,,,,,,,,,"1,105",,,"3,817","1,207,354"
1968,425,281,115,1,571,,,"2,378",37,,"27,312",,,,,,,404,,,17,37,247,,,,,"31,850",552,"3,286",,,959,,,,,,,,,829,"11,696",,,281,,"5,083",,,,333,124,60,,,,,,,,,"23,391",,,"4,815","60,056","1,017","8,846","85,042",,"126,953","17,023",,"46,406","285,287","3,617",,502,"8,646","59,124",,"20,943",849,"2,215",,"59,409","188,698","78,490","52,564","21,338","329,916","26,774",,"853,085","46,474","4,167","2,553","6,494",,,,"14,283",471,,36,,46,,"74,524",,,,,"1,864",,,,"10,320",,,,,,,,,,,,"12,184",,,,,,,"1,807",25,188,351,,,,,5,3,137,302,29,,,,,,,,,4,,,,,,,,,,,,,,,,,,,,,,"1,316",,,"3,954","1,289,090"
1969,392,332,112,7,651,,,"2,708",54,,"32,654",,,,,,,566,,,15,37,257,,,,,"37,818",592,"3,250",,,820,,,,,,,,,869,"12,181",,,243,,"4,915",,,,275,125,58,,,,,,,,,"23,526",,,"6,041","67,385",,,"181,489",266,"232,859",,280,,"414,894",,,,"8,173",,"38,007","24,464",856,,,"57,114","176,286","91,169","53,316","137,565","291,760","32,790",,"911,500",,"1,006","2,486","61,039",,,,"13,819",409,,22,,65,,"78,846",,,,,"2,276",,,,"2,369",,,,,,,,,,,,"4,645",,,,,,,"5,877",33,198,406,,,,,3,6,144,249,9,,,,,,,,,7,,,,,,,,,,,,,,,,,,,,,,"4,667",,,"11,368","1,488,638"
1970,393,340,90,,685,,,"2,956",31,,"35,779",,,,,,,531,,,11,43,212,,,,,"41,088",553,"3,354",,,874,,,,,,,,,884,"12,609",,,243,,"4,973",,,,277,121,67,,,,,,,,,"24,163",,,"6,273","71,524",,,"190,597",245,"232,774",,179,,"423,795",,,,"8,282",,"39,702","28,326","1,151",,,"56,865","175,415","101,822","50,887","147,632","304,641","37,943",,"952,666",,216,"3,304","71,042",,,,"14,347",463,,39,,49,,"89,460",,,,,"2,548",,,,"2,948",,,,,,,,,,,,"5,496",,,,,,,"7,680",17,208,389,,,,,10,3,175,228,10,,,,,,,,,16,,,,,,,,,,,,,,,,,,,,,,"4,543",,,"13,054","1,555,995"
1971,459,376,102,1,728,,,"3,287",51,,"41,327",,,,,,,551,,,22,33,80,,,,,"47,036",593,"2,887",,,"1,029",,,,,,,,,784,"12,400",,,222,,"5,060",,,,307,94,65,,,,,,,,,"23,621",,,"7,465","78,122",,,"204,317",243,"237,519",,196,,"442,275",,,,"9,666",,"40,393","27,159",983,,,"63,048","189,989","119,281","46,561","167,562","298,350","40,653",,"1,003,645",,133,"3,436","80,595",,,,"15,066",462,,13,,84,,"99,789",,,,,"3,562",,,,"3,851",,,,,,,,,,,,"7,413",,,,,,,"9,262",19,180,476,,,,,15,13,224,185,13,,,,,,,,,10,,,,,,,,,,,,,,,,,,,,,,"4,639",,,"14,837","1,646,081"
1972,476,354,132,,753,,,"3,417",49,,"46,182",,,,,,,920,,,14,45,62,,,,,"52,432",532,"2,985",,,"1,069",,,,,,,,,893,"11,977",,,256,,"5,129",,,,323,70,63,,,,,,,,,"23,505",,,"8,926","84,863",,,"201,678",263,"226,006",,136,,"428,083",,,,"10,972",,"42,970","26,986","1,155",,,"57,896","192,460","126,844","38,376","184,158","288,312","39,343",,"1,009,472",,65,"3,491","86,287",,,,,,994,,"17,581",,,"108,418",,,,,"5,706",,,99,,"35,816",,,,,,,,,,234,"41,855",,,,,,,"10,647",28,208,692,,,,1,12,3,247,261,8,,,,,,,,,6,,,,,,,,,,,,,,,,,,,,,,"5,651",,,"17,528","1,690,219"
1973,465,429,134,1,769,,,"3,891",52,5,"54,545",,,,,,,879,,,7,61,36,,,,,"61,299",667,"3,052",,,"1,567",,,,,,,,,998,"13,294",,,323,,"5,180",,,,288,87,97,,,,,,,,,"25,736",,,"7,338","94,373",,,"178,174",241,"205,508",,112,,"384,035",,,,"10,807",,"42,609","26,464","1,319",,,"53,842","186,714","130,161","30,666","195,518","281,611","39,099",,"998,810",,34,"3,218","89,198",,,,,,963,,"17,260",,,"110,673",,,,,"7,181",,,102,,"45,089",,,,,,,,,,443,"52,815",,,,,,,"9,130",25,183,751,,,,,18,7,331,258,19,,,,,,,,,5,,,,,,,,,,,,,,,,,,,,,,"6,444",,,"16,963","1,657,669"
1974,600,371,131,2,654,,,"4,240",40,1,"56,500",,,,,,,"1,138",,,9,53,21,,,,,"63,781",587,"3,096",,,"1,796",,,,,,,,,"1,052","12,417",,,304,,"4,746",,,,337,67,97,,,,,,,,,"24,698",,,"8,666","97,145",,,"213,819",337,"259,138",,113,,"473,407",,,,"16,092",,"46,816","30,980","1,718",,,"66,097","219,453","164,063","29,186","251,382","318,622","45,454",,"1,189,863",,63,"3,773","95,911",,,,,,"1,111",,"16,385",,,"117,243",,,,,"7,094",,,144,,"59,198",,,,,,,,,,650,"67,086",,,,,,,"10,425",21,199,752,,,,,6,16,322,330,16,,,,,,,,,4,,,,,,,,,,,,,,,,,,,,,,"6,745",,,"18,616","1,963,360"
1975,515,499,94,,690,,,"4,399",41,,"63,520",,,,,,,"1,141",,,7,63,14,,,,,"71,002",720,"2,885",,,"1,699",,,,,,,,,"1,040","11,809",,,327,,"4,533",,,,349,126,88,,,,,,,,,"23,731",,,"11,311","106,044",,,"237,353",419,"277,551",,106,,"515,429",,,,"20,851",,"49,665","31,280","1,584",,,"78,602","239,432","175,552","27,164","264,896","333,070","45,578",,"1,267,674",,35,"4,629","102,457",,,,,,"1,116",,"14,818",,,"123,055",,,,,"7,468",,,85,,"70,473",,,,,,,,,,520,"78,546",,,,,,,"6,438",19,155,782,,,,,10,6,340,333,9,,,,,,,,,4,,,,,,,,,,,,,,,,,,,,,,"6,961",,,"14,883","2,105,631"
1976,565,239,131,,595,,,"4,144",45,,"71,188",,,,,,,785,,,4,31,9,,,,,"77,748",662,"2,689",,,"1,569",,,,,,,,,"1,094","10,901",,,295,,"4,313",,,,338,84,68,,,,,,,,,"22,203",,,"11,611","111,562",,,"230,236",404,"279,312",,96,,"510,048",,,,"24,015",,"49,828","29,513","1,597",,,"86,317","241,397","180,993","23,613","264,537","339,524","44,338",,"1,285,672",,31,"4,352","100,145",,,,,,"1,031",,"14,301",,,"119,860",,,,,"7,713",,,140,,"84,764",,,,,,,,,,425,"93,042",,,,,,,"5,400",12,190,711,,,,,4,7,305,319,6,,,,,,,,,14,,,,,,,,,,,,,,,,,,,,,,"8,763",,,"15,529","2,135,713"
1977,482,222,165,1,602,,,"4,354",26,,"75,472",,,,,,,783,,,7,51,11,,,,,"82,190",594,"2,633",,,"1,465",,,,,,,,,"1,015","11,048",,,243,,"3,681",,,,295,93,94,,,,,,,,,"21,313",,,"13,730","117,233",,,"262,131",475,"335,725",,90,,"598,421",,,,"27,545",,"50,277","31,656","1,650",,,"95,663","295,411","217,276","23,297","310,294","386,576","47,904",,"1,487,549",,27,"4,647","100,545",,,,,,"1,429",,"13,944",,,"120,592",,,,,"9,415",,,92,,"113,899",,"173,492",,,,,,,,475,"297,373",,,,,,,"5,629",14,152,823,,,,,2,10,233,336,5,,,,,,,,,13,,,,,,,,,,,,,,,,,,,,,,"8,298",,,"15,349","2,636,517"
1978,532,185,254,2,313,,,"4,504",31,,"80,524",,,,,,,655,,,12,39,7,,,,,"87,073",697,"2,455",,,"1,706",,,,,,,,,"1,243","11,814",,,214,,"3,491",,,,329,143,123,,,,,,,,,"22,367",,,"13,150","122,590",,,"256,759",528,"302,732",,90,,"560,109",,,,"27,064",,"45,965","32,175","1,571",,"6,076","87,497","293,667","203,643","22,056","316,948","357,055","47,536",,"1,441,253",,44,"5,163","101,284",,,,,,"1,371",,"14,305",,,"122,167",,,,,"10,702",,,112,,"129,312",,"165,742",,,,,,,,404,"306,272",,,,,,,"5,601",15,152,692,,,,,5,9,269,322,3,,,,,,,,,11,,,,,184,,"1,621",,,,,,,,,,,,,,,391,,,"9,108","2,561,499"
1979,629,158,425,2,225,,,"4,475",29,,"88,327",,,,,,,619,,,12,48,3,,,,,"94,960",632,"2,385",,,"1,333",,,,,,,,,"1,170","11,834",,,248,,"3,558",,,,334,107,91,,,,,,,,,"21,843",,,"12,482","129,285",,,"252,288",484,"291,178",,87,,"544,037",,,,"26,797",,"44,418","32,587","1,391",,"6,140","96,993","278,349","203,122","20,749","309,245","351,062","45,290",,"1,416,143",,30,"5,227","97,438",,,,,,"1,288",,"14,050",,,"118,033",,,,,"11,640",,,98,,"148,128",,"160,071",,,,,,,,532,"320,469",,,,,,,"5,101",8,151,533,,70,,,3,11,512,304,5,,,,,,,,,4,,,,,231,,"1,810",,,,,,,,,,,,,,,186,,,"8,770","2,536,737"
1980,620,155,528,2,235,,,"4,390",38,,"90,654",,,,,,,557,,,8,48,2,,,,,"97,246",657,"2,288",,,"1,421",,,,,,,,,"1,225","11,498",,,254,,"3,109",,,,312,104,95,,,,,,,,,"21,107",,,"15,006","133,359",,,"294,375",558,"323,373",,84,,"618,390",,,,"28,775",,"45,335","27,642","1,298",,"6,906","99,910","294,948","206,175","24,648","324,354","364,663","38,815",,"1,463,469",,30,"2,382","93,187",,,,,,"1,124",,"8,523",,,"105,246",,,,,"13,585",,,92,,"177,661",,"167,607",,,,,,,,505,"359,450",,,,,,,"4,257",9,144,561,,75,,,6,19,503,317,4,,,,,,,,,12,,,,,255,,"2,160",,,,,,,,,,,,,,,152,,,"8,321","2,688,235"
1981,559,182,620,1,234,,,"4,685",28,,"93,336",,,,,,,497,,,11,28,3,,,,,"100,207",626,"2,333",,,"1,229",,,,,,,,,"1,068","10,634",,,220,,"2,734",,,,241,109,98,,,,,,,,,"19,424",,,"20,282","139,913",,,"349,011",681,"368,579",,110,,"718,381",,,,"29,636",,"46,415","23,577","1,285",,"6,761","109,843","379,640","225,342","29,441","332,590","377,828","40,793",,"1,603,151",,30,"2,415","96,065",,,,,,964,,"7,197",,,"106,671",,,,,"15,116",,,68,,"201,380",,"169,540",,,,,,,,626,"386,730",,,,,,,"4,837",23,132,583,,87,,,31,14,724,249,5,,,,,,,,,16,,,,,234,,"2,049",,,,,,,,,,,,,,,89,,,"8,918","2,963,764"
1982,618,173,707,,269,,,"4,713",28,,"101,566",,,,,,,560,,,15,28,3,,,,,"108,695",516,"2,082",,,"1,104",,,,,,,,,"1,336","11,156",,,223,,"2,791",,,,230,109,86,,,,,,,,,"19,729",,,"22,837","151,261",,,"406,398",690,"398,209",,92,,"805,389",,,,"28,907",,"47,980","21,918","1,868",,"6,275","124,992","449,037","242,304","31,962","351,230","405,791","43,589",,"1,755,853",,24,"2,667","111,290",,,,,,987,,"8,133",,,"123,101",,,,,"16,134",,,84,,"226,880",,"174,086",,,,,,,,630,"417,814",,,,,,,"5,197",15,96,621,,102,,,9,9,635,250,5,,,,,,,,,16,,,,,291,,"1,778",,,,,,,,,,,,,,,91,,,"9,004","3,262,422"
1983,550,128,688,,189,,,"5,086",34,,"103,894",,,,,,,693,,,22,44,5,,,,,"111,342",588,"2,178",,,"1,362",,,,,,,,,"1,334","10,833",,,254,,"2,773",,,,243,161,81,,,,,,511,,,"20,410",,,"22,119","153,871",,,"431,031","1,008","376,196",,106,,"808,341",,,,"27,913",,"47,797","21,138","1,892",,"5,688","124,648","424,238","235,512","34,320","325,699","412,208","44,871",,"1,705,924",,45,"2,292","109,615",,,,,,976,,"8,863",,,"121,791",,,,,"17,121",,,82,,"249,496",,"176,057",,,,,,,,560,"443,316","4,994",,,,,"4,994","5,045",9,92,546,,131,,,5,16,665,276,7,,,,,,,,,11,,,,,319,,"1,632",,,,,,,,,,,,,,,140,,,"8,793","3,247,030"
1984,621,156,836,,223,,,"5,276",40,,"106,352",,,,,,,587,,,15,56,1,,,,,"114,187",602,"2,321",,,"1,080",,,,,,,,,"1,433","10,837",,,270,,"2,622",,,,290,102,99,,,,,,472,,,"20,222",,,"24,890","159,299",,,"475,787",948,"416,078",,110,,"892,923",,,,"30,107",,"49,011","19,163","2,134",,"6,333","122,158","454,943","248,792","33,541","344,806","451,947","45,046",,"1,807,981",,71,"1,883","112,214",,,,,,"1,070",,"10,855",,,"126,093",,,,,"18,889",,,112,,"292,852",,"185,300",,,,,,,,687,"497,840","6,589",,,,,"6,589","4,543",24,94,653,,131,,,5,31,778,304,3,,,,,,,,,11,,,,,331,,"1,434",,,,,,,,,,,,,,,158,,,"8,382","3,499,107"
1985,616,155,"1,048",1,258,,,"5,885",27,,"112,906",,,,,,,688,,,26,102,4,,,,,"121,731",633,"2,307",,,857,,,,,,,,,"1,842","11,410",,,299,,"2,733",,,,277,229,160,,,,,,633,,,"21,456",,,"27,463","170,650",,,"457,987","1,203","407,377",,130,,"866,697",,,,"32,986",,"49,745","18,321","2,554",,"6,514","110,284","478,968","281,557","33,991","367,426","456,387","45,336",,"1,884,069",,37,"1,823","120,758",,,,,,880,,"11,269",,,"134,767",,,,,"19,003",,,97,,"333,600",,"185,450",,,,,,,,814,"538,964","8,050",,,,,"8,050","4,564",15,76,614,,210,,,1,25,818,266,3,,,,,,,,,10,,,,,380,,"1,647",,,,,,,,,,,,,,,148,,,"8,686","3,611,883"
1986,661,159,"1,340",,232,,,"6,616",23,,"115,523",,,,,,,798,,,22,109,3,,,,,"125,499",794,"2,308",,,990,,,,,,,,,"2,288","11,839",,,362,,"2,555",,,,444,170,192,,,,,,666,,,"22,684",,,"30,020","178,203",,,"504,702","1,306","425,464",,148,,"931,620",,,,"34,829",,"50,692","17,239","2,893",,"5,913","113,654","577,414","255,463","31,345","411,060","461,874","41,497",,"2,003,873",,25,"1,854","120,923",,,,,,912,,"9,717",,,"133,431",,,,,"19,240",,,100,,"376,009",,"187,406",,,,,,,,833,"583,588","7,332",,,,,"7,332","4,822",13,76,614,,215,,,7,19,838,261,6,,,,,,,,,14,,,,,458,,"1,966",,,,,,,,,,,,,,,143,,,"9,363","3,847,410"
1987,688,291,"1,785",2,292,,,"7,942",18,,"129,193",,,,,,,686,,,25,100,3,,,,,"141,042",929,"2,425",,,"1,127",,,,,,,,,"2,471","13,340",,,312,,"2,699",,,,511,175,268,,,,,,831,,,"25,154",,,"32,633","198,829",,,"481,657","1,344","416,952",,151,,"900,104",,,,"33,535",,"46,550","17,945","3,723",,"5,572","119,445","658,577","247,064","26,011","389,576","458,039","45,968",,"2,052,005",,43,"1,816","119,893",,,,,,"1,114",,"10,110",,,"132,976",,,,,"18,920",,,147,,"392,795",,"176,016",,,,,,,,"1,083","588,961","7,137",,,,,"7,137","5,991",17,66,683,,257,,,11,473,"1,445",328,5,,,,,,,,,5,,,,,686,,"2,128",,,,,,,,,,,,,,,177,,,"12,189","3,892,201"
1988,624,368,"2,730",8,339,,,"8,678",25,1,"144,781",,,,,,,503,,,23,156,3,,,,,"158,248",951,"2,512",,,"1,306",,,,,,,,,"2,855","14,112",,,283,,"2,552",,,,516,201,277,,,,,,871,,,"26,529",,,"31,437","216,214",,,"439,675","1,345","376,601",,171,,"817,792",,,,"30,793",,"43,374","20,516","3,721",,"5,090","108,793","620,623","216,242","20,527","366,713","445,620","49,262",,"1,931,274",,40,"2,075","119,645",,,,,,"1,307",,"10,806",,,"133,873",,,,,"21,045",,,189,,"405,750",,"165,593",,,,,,,,"1,346","593,923","7,793",,,,,"7,793","5,942",9,93,725,,403,,,33,"1,193","2,689",331,3,,,,,,,,,9,,,,,983,,"2,379",,,,,,,,,,,,,,,208,,,"14,898","3,715,767"
1989,641,376,"3,579",2,393,,,"8,926",9,2,"162,843",,,,,,,,,,34,140,5,,,,,"176,962","1,138","2,878",,,"2,022",,,,,,,,,"3,305","15,376",,,300,,"2,471",,,,471,113,298,,,,,,"1,279",,,"29,733",,,"33,163","239,858",,,"436,271","1,449","388,043",,167,,"825,930",,,,"29,434",,"42,990","19,849","4,396",,"4,477","134,473","628,912","222,974","17,255","393,399","469,734","44,867",,"2,012,760",,25,"2,106","121,756",,,,,,"1,196",,"9,407",,,"134,490",,,,,"23,715",,,212,,"440,053",,"164,531",,,,,,,,"1,573","630,084","9,201",,,,,"9,201","6,768",12,82,863,,516,,,12,"1,611","3,976",378,6,,,,,,,,,13,,,,,"1,414",,"2,366",,,,,,,,,,,,,,,502,,,"18,425","3,870,748"
1990,669,476,"4,162",,419,,,"8,920",9,1,"169,764",,,,,,,,,,23,208,5,,,,,"184,665","1,120","3,043",,,"1,159",,,,,,,,,"3,391","15,783",,,304,,"2,140",,,,435,176,356,,,,,,"1,063",,,"29,044",,,"36,195","249,904",,,"527,634","1,527","477,422",,230,,"1,006,813",,,,"30,126",,"43,517","19,417","5,185",,"3,770","166,296","773,079","250,301","18,038","494,209","523,649","46,822",,"2,374,409",,53,"2,001","133,866",,,,,,"1,009",,"10,980",,,"147,909",,,,,"26,469",,,228,,"525,202",,"179,979",,,,,,,,"1,567","733,445","9,998",,,,,"9,998","8,377",9,74,831,,545,,,29,"1,849","4,716",332,8,,,,,,,,,11,,,,,"1,705",,"2,497",,,,,,,,,,,,,,,233,,,"21,133","4,543,611"
1991,725,555,"4,712",2,416,,,"9,408",11,,"174,245",,,,,,,,,,47,196,3,,,,,"190,339","1,127","3,070",,,965,,,,,,,,,"4,045","15,792",,,315,,"1,949",,,,389,138,411,,,,,,"1,147",,,"29,423",,,"45,323","265,085",,,"622,969","1,977","594,210",,308,,"1,219,464",,,,"35,432",,"44,795","17,264","7,692",,"3,349","212,169","913,276","281,276","19,552","581,901","592,918","51,495",,"2,761,119",,24,"1,623","159,136",,,,,,968,,"12,991",,,"174,742",,,,,"30,090",,,246,,"588,323",,"200,830",,,,,,,,"1,652","821,141","11,379",,,,,"11,379","9,721",19,75,954,,766,,,9,"1,517","5,504",312,5,,,,,,,,,12,,,,,"1,989",,"2,269",,,,,,,,,,,,,,,185,,,"23,243","5,276,173"
1992,687,568,"5,487",,277,,19,"10,741",20,,"183,717",,,,,,,,,,40,206,1,,,,,"201,777","1,255","3,119",,,892,,,,,,,,,"4,142","16,235",,,253,,"1,563",,,,344,130,354,,,,,,"1,158",,,"29,528",,,"52,894","284,199",,,"705,924","2,307","646,733",,310,,"1,355,274",,"2,355",,"39,111",,"42,924","15,112","8,771",,"3,109","222,242","961,340","288,672","22,589","585,501","610,076","49,836",,"2,851,638",,35,"1,710","153,734",,,,,,"1,111",,"12,010",,,"168,600",,,,,"33,748",,,208,,"648,817",,"208,232",,,,,,,,"1,618","892,623","13,809",,,,,"13,809","9,211",14,83,"1,062",,929,,,14,"1,723","6,732",374,4,,,,,,,,,10,,,,,"2,345",,"2,874",,,,,,,,,,,,,,,296,,,"25,574","5,591,717"
1993,670,661,"5,638",3,292,,17,"10,701",17,,"186,765",,,,,,,,,,45,275,2,,,,,"205,102","1,279","3,340",,,671,,,,,,,,,"4,589","17,350",,,268,,"1,443",,,,484,136,354,,,,,,"1,280",,,"31,284",,,"57,845","294,231",,,"724,573","2,703","641,946",,362,,"1,369,584",,"4,859",,"47,743",,"41,034","12,951","6,791",,"2,964","190,685","925,819","275,607","19,275","592,660","581,068","50,445",,"2,751,901",,34,"1,427","147,979",,,,,,"1,037",,"12,359",,,"162,836",,,,,"32,254",,,301,,"663,296",,"209,145",,,,,,,,"1,750","906,746","14,840",,,,,"14,840","8,571",16,90,933,,"1,051",,,14,"1,663","7,539",327,,,,,,,,,,6,,,,,"2,817",,"2,581",,,,,,,,,,,,,,,615,,,"26,117","5,526,255"
1994,726,651,"6,844",7,278,,14,"11,033",10,,"198,383",,,,,,,,,,51,343,3,,,,,"218,354","1,258","3,205",,,683,,,,,,,,,"5,032","17,579",,,275,,"1,446",,,,316,196,388,,,,,,"1,512",,,"31,971",,,"60,007","310,332",,,"676,412","2,470","577,444",,356,,"1,256,682",,"5,170",,"51,119",,"37,257","13,651","5,118",,"2,729","176,825","842,680","269,017","14,286","536,579","554,480","55,697",,"2,564,608",,41,"1,532","128,608",,,,,,"1,073",,"14,035",,,"145,289",,,,,"30,595",,,259,,"674,878",,"220,533",,,,,,,,"2,064","928,329","18,340",,,,,"18,340","7,795",11,81,960,,"1,079",,,41,"1,792","10,288",314,6,,,,,,,,,13,,,,,"3,531",,"2,607",,,,,,,,,,,,,,,974,,,"29,400","5,252,980"
1995,745,634,"7,044",8,242,,21,"10,445",12,,"193,016",,,,,,,,,,46,355,5,,,,,"212,588",818,"3,150",,,727,"4,986",,,,150,,,,,"16,876",,,178,,"1,260",,,,185,207,364,,,,,,"1,287",,,"30,274",,,"68,074","310,936",,,"641,063","2,582","595,385",,454,,"1,239,484",,"6,170",,"59,692",,"36,471","14,357","4,641",,"2,600","169,476","813,094","275,802","12,465","502,280","513,493","41,568",,"2,452,109",,29,"1,295","120,699",,,,,,844,,"10,149",,,"133,016",,,,,"29,985",,,373,,"667,261",,"214,297",,,,,,,,"2,075","913,991","21,272",,,,,"21,272","6,754",15,86,856,,"1,247",,,12,"1,669","11,794",287,,,,,,,,,,10,,,,,"4,394",,"1,547",,,,,,,,,,,,,,,863,,,"29,433","5,100,241"
1996,679,674,"8,533",2,320,,34,"12,169",12,,"216,467",,,,,,,,,,65,374,7,,,,,"239,340",728,"3,130",,,553,"5,759",,,,231,,,,"5,990","17,643",,,171,,"1,261",,,,157,132,313,,,,,,"1,215",,,"31,391",,,"74,035","344,766",,,"599,372","2,756","562,019",,436,,"1,164,583",,"7,794",,"59,331",,"37,955","16,314","3,902",,"2,473","148,970","799,552","282,052","13,041","485,695","488,979","37,888",,"2,383,946",,39,"1,728","125,609",,,,,,"1,071",,"7,778",,,"136,225",,,,,"31,068",,,316,,"749,272",,"168,176",,,,,,,,"2,442","951,274","22,122",,,,,"22,122","6,275",4,98,957,,"1,429",,,4,"2,027","14,112",246,,,,,,,,,,9,,,,,"5,914",,"1,410",,,,,,,,,,,,,,,"1,253",,,"33,636","5,036,552"
1997,739,652,"9,340",5,291,,12,"12,531",11,,"226,795",,,,,,,,,,56,390, - ,,,,,"250,822",645,"3,503",,,520,"6,281",,,,347,,,,"6,628","18,674",,,148,,"1,112",,,,183,131,277,,,,,,"1,269",,,"33,090",,,"63,072","346,984",,,"516,346","2,919","495,396",,414,,"1,015,075",,"8,031",,"57,767",,"38,301","17,156","3,638",,"3,325","139,092","710,333","274,015","13,595","399,208","466,917","33,574",,"2,164,952",,15,"1,820","124,389",,,,,,941,,"7,233",,,"134,398",,,,,"31,516",,,372,,"704,717",,"137,728",,,,,,,,"2,739","877,072","23,153",,,,,"23,153","6,132",5,75,877,,"1,559",,,6,"2,060","16,240",309,5,,,,,,,,,14,,,,,"6,779",,"1,379",,,,,,,,,,,,,,,"1,283",,,"36,723","4,598,327"
1998,750,676,"11,112",9,348,,30,"13,960",15,,"203,313",,,,,,,,,,41,490,2,,,,,"230,756",567,"3,672",,,353,"7,139",,,,502,,,,"7,641","19,463",,,153,,"1,133",,,,139,155,242,,,,,,"1,271",,,"34,789",,,"66,172","331,717",,,"470,005","2,955","478,508",,410,,"951,878",,"9,811",,"63,054",,"44,199","17,872","4,919",,"2,454","125,178","680,937","281,457","15,211","381,080","472,869","27,677",,"2,126,718",,39,"1,203","165,221",,,,,,838,,"6,427",,,"173,728",,,,,"39,636",,,,,"792,275",,,,,,,,,,"2,459","834,370","21,306",,,,,"21,306","5,852",10,126,"1,036",,"2,046",,,3,"2,460","17,334",314,3,,,,,,,,,8,,,,,"9,216",,"1,294",,,,,,,,,,,,,,,"2,408",,,"41,974","4,481,817"
1999,750,676,"11,212",9,349,,30,"14,006",15,,,"196,737",,"23,635","79,534", .. , .. ,,,"2,300",42,502,2,"21,510","151,469",,,"502,788",566,"3,683",,,354,"7,132",,,,504,,,,"7,636","19,524",,,153,,"1,135",,,,139,215,240,"1,107",,,,,"1,293",,"10,327","46,372","10,698","56,137","66,835","615,995",,,"470,465","2,884","479,425",,410,,"953,184",,"10,098",,"63,118",,"44,375","17,900","4,931",,"2,454","128,557","685,919","281,972","15,343","381,709","479,306","27,746","48,011","2,191,439",,159,"1,304",,"142,311","122,074",23,,,842,,"6,762",,"6,028","279,503",,,,,"47,273",,,,,,"221,070",,"157,958","354,730","95,222",,,,,"3,333","879,586","21,788","112,576","1,581",,,"135,945","5,866",10,129,"1,038",,"2,049",,,2,"2,500","18,638",329,3,,,,,,,,48,8,,,505,,"9,265",,"1,301",,"3,325",,119,66,263,7,603,68,69,99,9,2,,"2,537","10,327","4,589","53,447","5,109,089"
2000,766,750,"13,434",1,317,,37,"15,135",7,1,,"201,290",,"23,792","88,625","2,687","10,758",,,"2,631",51,577,2,"26,115","189,783",,"4,275","581,034",437,"3,614",,,286,"7,809",,,,600,,,,"8,409","20,664",,,181,,"1,270",,,,121,138,251,973,,,,,"1,365",,"9,476","47,185","12,148","72,129","84,277","712,496",,,"439,609","2,993","463,372",,494,,"906,468",,"10,416",,"76,254",,"44,764","17,468","5,856",,"2,157","131,240","669,232","292,494","19,077","364,270","510,573","23,298","56,521","2,223,620",,165,"1,103",,"173,857","145,448",82,,,871,,"6,173",,"7,074","334,773",,,,,"53,794",,,,,,"234,575",,"166,770","374,218","108,318","1,452",756,"1,232",590,"3,977","945,682","19,956","100,598","1,312",,,"121,866","5,208",4,83,"1,137",,"2,339",,,6,"2,804","19,600",217,4,,,,,,,,23,6,,,427,,"9,637",,"1,559",,"3,143",,96,143,245,3,643,66,46,66,12,1,,"3,559","9,476","5,205","56,282","5,301,187"
2001,850,708,"14,064",2,335,,35,"15,662",10,,,"195,925",,"24,552","93,832","3,176","12,468",,,"2,558",48,546,4,"28,000","203,427",,"4,711","600,922",401,"3,530",,,167,"7,929",,,,664,,,,"8,593","20,301",,,155,,"1,237",,,,80,129,262,"1,028",,,,12,"1,336",,"8,647","45,878","12,394","82,760","95,154","741,954",,,"399,927","3,057","432,540",,503,,"836,027",,"10,759",,"87,332",,"43,045","17,487","6,890",,"1,451","108,509","629,651","293,080","18,619","328,037","518,573","19,243","62,696","2,145,372",,152,"1,043",,"148,252","155,647",10,,,821,,"6,225",,"7,174","319,324",,,,,"52,818",,,,,,"238,896",,"166,960","378,903","113,628","1,765",985,"1,399",612,"4,121","960,087","19,820","92,716",922,,,"113,458","4,634",9,80,"1,086",,"2,404",,,2,"2,753","17,834",183,2,,,,,,,,27,10,,,262,,"9,763",,"1,389",,"3,531",,116,107,192,5,665,71,94,51,10,5,,"4,055","8,650","5,287","54,630","5,170,843"
